﻿<?xml version="1.0" encoding="utf-8" ?>
<parameters>
  <parameter 
	name="Application Path" 
	defaultValue="Default Web Site/mojoportal" 
	tags="iisapp">
    <parameterEntry 
		type="ProviderPath" 
		scope="iisapp" 
		match="wwwroot" />
  </parameter>
  <parameter 
	name="Database Server" 
	defaultValue=".\SQLExpress" 
	tags="SQL, dbServer">
   </parameter>
  <parameter 
	name="Database Name" 
	defaultValue="mojoportal" 
	tags="SQL, dbName">
    <!--<parameterEntry 
		type="TextFile" 
		scope="msdeploy.config" 
		match="PlaceHolderForDb" />-->
  </parameter>
  <parameter 
	name="Database Username" 
	defaultValue="mojouser" 
	tags="SQL, dbUsername">
    <parameterEntry 
		type="TextFile" 
		scope="msdeploy1.config" 
		match="PlaceHolderForUser" />
    <parameterEntry 
		type="TextFile" 
		scope="msdeploy2.config" 
		match="PlaceHolderForUser" />
  </parameter>
  <parameter 
	name="Database Password" 
	description="Enter Password for the Database Username. Please ensures that Passwords will contain at least (1) upper case letter, at least (1) lower case letter, at least (1) number or special character, and be least (8) characters in length." 
	tags="New, Password, SQL, dbUserPassword">
	 <parameterValidation
		type="RegularExpression"
		validationString="(?=^.{8,}$)((?=.*\d)|(?=.*\W+))(?![.\n])(?=.*[A-Z])(?=.*[a-z]).*$" /> 
    <parameterEntry 
		type="TextFile" 
		scope="msdeploy1.config" 
		match="PlaceHolderForPassword" />
  </parameter>
  <parameter 
	name="Database Administrator" 
	defaultValue="sa" 
	tags="SQL, dbAdminUsername">
	</parameter>
  <parameter 
	name="Database Administrator Password" 
	tags="Password, SQL, dbAdminPassword">
	</parameter>
  <parameter 
	name="Connection String For Config" 
	defaultValue="Data Source={Database Server};Database={Database Name};uid={Database Username};Pwd={Database Password};" 
	tags="Hidden">
    <parameterEntry 
		type="XmlFile" 
		scope="\\user.config$" 
		match="//appSettings/add[@key='MSSQLConnectionString']/@value" />
  </parameter>
  <parameter 
	name="Connection String1"  
	defaultValue="Data Source={Database Server};Database=master;uid={Database Administrator};Pwd={Database Administrator Password};" 
	tags="Hidden, SQLConnectionString,NoStore">
    <parameterEntry 
		type="ProviderPath" 
		scope="dbfullsql" 
		match="msdeploy1.config" />    
  </parameter>
<parameter 
	name="Connection String2"  
	defaultValue="Data Source={Database Server};Database={Database Name};uid={Database Administrator};Pwd={Database Administrator Password};" 
	tags="Hidden, SQLConnectionString">
   
    <parameterEntry 
		type="ProviderPath" 
		scope="dbfullsql" 
		match="msdeploy2.config" />
  </parameter>
  <parameter 
	name="SetAclParameter1" 
	defaultValue="{Application Path}/Data" 
	tags="Hidden">
    <parameterEntry 
		type="ProviderPath" 
		scope="setAcl" 
		match="wwwroot/Data$" />
  </parameter>


</parameters>
